Timestamp,TaskNumber,TaskTimeSeconds,TotalTasks,TotalTimeSeconds,FormattedTotalTime,AvgTaskTime,TasksPerHour
25/04/2026, 13:04:37,1,76,1,76,1m 16.0s,76.00,47.37
25/04/2026, 13:06:44,2,123.9,2,199.9,3m 19.9s,99.95,36.02
25/04/2026, 13:47:35,124,138.8,124,140.8,2m 20.8s,1.14,3170.45
25/04/2026, 13:51:57,125,259,125,399.8,6m 39.8s,3.20,1125.56
25/04/2026, 14:04:16,260,199.6,260,324.6,5m 24.6s,1.25,2883.55
25/04/2026, 14:05:16,200,49,200,309,5m 9.0s,1.54,2330.10
25/04/2026, 14:10:04,201,247.3,201,556.3,9m 16.3s,2.77,1300.74
25/04/2026, 14:12:01,202,114,202,670.3,11m 10.3s,3.32,1084.89
25/04/2026, 14:14:11,203,127,203,797.3,13m 17.3s,3.93,916.59
25/04/2026, 17:04:27,1,222.1,1,222.1,3.70,222.10,16.21
25/04/2026, 17:07:58,2,202.8,2,424.9,7.08,212.45,16.95
25/04/2026, 17:10:31,3,142.7,3,567.5999999999999,9.46,189.20,19.03
25/04/2026, 17:14:32,4,122.9,4,690.4999999999999,11.51,172.62,20.85
25/04/2026, 17:21:07,5,390.6,5,1081.1,18.02,216.22,16.65
25/04/2026, 17:22:30,6,78.7,6,1159.8,19.33,193.30,18.62
